K-Score,Trajectory
1697.191011235955,"['Heerenveen', 'Steenwijk', 'Zwolle', 'Deventer', 'Apeldoorn', 'Zutphen', 'Dieren', 'Arnhem Centraal', 'Ede-Wageningen', 'Utrecht Centraal', 'Alphen a/d Rijn'] -> ['Alphen a/d Rijn', 'Gouda', 'Den Haag HS', 'Leiden Centraal', 'Schiphol Airport', 'Amsterdam Zuid', 'Amsterdam Amstel', 'Hilversum', 'Utrecht Centraal', 'Amsterdam Centraal', 'Amsterdam Sloterdijk', 'Haarlem']"
2697.1460674157306,"['Rotterdam Alexander', 'Gouda', 'Den Haag HS', 'Leiden Centraal', 'Schiphol Airport', 'Amsterdam Zuid', 'Amsterdam Amstel', 'Utrecht Centraal', 'Amersfoort', 'Apeldoorn', 'Deventer', 'Zwolle'] -> ['Zwolle', 'Deventer', 'Apeldoorn', 'Amersfoort', 'Utrecht Centraal', 'Ede-Wageningen', 'Arnhem Centraal', 'Nijmegen', 'Oss', 's-Hertogenbosch'] -> ['Maastricht', 'Sittard', 'Roermond', 'Weert', 'Eindhoven', 'Tilburg', 'Breda', 'Dordrecht', 'Rotterdam Blaak', 'Schiedam Centrum', 'Rotterdam Centraal', 'Rotterdam Alexander']"
2310.426966292135,"['Schiphol Airport', 'Amsterdam Zuid', 'Amsterdam Sloterdijk', 'Zaandam', 'Castricum', 'Beverwijk', 'Haarlem', 'Heemstede-Aerdenhout', 'Leiden Centraal', 'Den Haag Centraal', 'Delft', 'Den Haag HS', 'Gouda', 'Rotterdam Alexander', 'Rotterdam Centraal', 'Schiedam Centrum', 'Rotterdam Blaak'] -> ['Alphen a/d Rijn', 'Utrecht Centraal', 'Amsterdam Centraal', 'Amsterdam Amstel', 'Amsterdam Zuid', 'Amsterdam Sloterdijk', 'Zaandam', 'Castricum', 'Beverwijk', 'Haarlem', 'Heemstede-Aerdenhout', 'Leiden Centraal', 'Den Haag Laan v NOI', 'Delft'] -> ['Den Haag Centraal', 'Delft', 'Den Haag Laan v NOI', 'Gouda', 'Den Haag HS', 'Leiden Centraal', 'Alphen a/d Rijn', 'Utrecht Centraal', 'Amersfoort', 'Apeldoorn'] -> ['Rotterdam Blaak', 'Rotterdam Alexander', 'Gouda', 'Den Haag Centraal', 'Leiden Centraal', 'Den Haag HS']"
2204.426966292135,"['Vlissingen', 'Roosendaal', 'Dordrecht', 'Breda', 'Tilburg', 's-Hertogenbosch', 'Eindhoven', 'Helmond'] -> ['Zaandam', 'Amsterdam Sloterdijk', 'Haarlem', 'Heemstede-Aerdenhout', 'Leiden Centraal', 'Den Haag Centraal', 'Delft', 'Schiedam Centrum', 'Rotterdam Centraal', 'Dordrecht', 'Roosendaal', 'Vlissingen'] -> ['Roermond', 'Weert', 'Eindhoven', 's-Hertogenbosch', 'Tilburg', 'Breda'] -> ['Tilburg', 'Breda', 'Dordrecht', 'Rotterdam Centraal', 'Rotterdam Alexander', 'Gouda', 'Utrecht Centraal', 'Amsterdam Amstel', 'Amsterdam Centraal', 'Amsterdam Sloterdijk', 'Amsterdam Zuid', 'Schiphol Airport', 'Leiden Centraal', 'Den Haag Centraal'] -> ['Steenwijk', 'Heerenveen', 'Leeuwarden']"
1810.4269662921351,"['Vlissingen', 'Roosendaal', 'Etten-Leur', 'Breda', 'Tilburg'] -> ['Schiphol Airport', 'Amsterdam Zuid', 'Amsterdam Amstel', 'Almere Centrum', 'Amsterdam Centraal', 'Utrecht Centraal', 'Alphen a/d Rijn', 'Leiden Centraal', 'Den Haag Laan v NOI'] -> ['Zaandam', 'Amsterdam Sloterdijk', 'Amsterdam Centraal', 'Almere Centrum', 'Amsterdam Amstel', 'Hilversum', 'Utrecht Centraal', 'Alphen a/d Rijn', 'Leiden Centraal', 'Den Haag Laan v NOI'] -> ['Arnhem Centraal', 'Nijmegen', 'Oss', 's-Hertogenbosch', 'Utrecht Centraal', 'Amersfoort', 'Apeldoorn', 'Zutphen', 'Dieren'] -> ['Ede-Wageningen', 'Utrecht Centraal', 'Gouda', 'Rotterdam Alexander', 'Rotterdam Blaak', 'Dordrecht', 'Breda', 'Tilburg', 'Eindhoven', 'Helmond'] -> ['Amsterdam Centraal', 'Amsterdam Amstel', 'Utrecht Centraal', 'Gouda', 'Rotterdam Alexander', 'Rotterdam Blaak', 'Dordrecht', 'Breda', 'Tilburg', 'Eindhoven', 's-Hertogenbosch', 'Oss']"
3303.179775280899,"['Utrecht Centraal', 'Gouda', 'Rotterdam Alexander', 'Rotterdam Centraal', 'Schiedam Centrum', 'Delft', 'Den Haag Laan v NOI', 'Leiden Centraal', 'Heemstede-Aerdenhout', 'Haarlem', 'Amsterdam Sloterdijk', 'Amsterdam Centraal', 'Almere Centrum', 'Lelystad Centrum'] -> ['Oss', 'Nijmegen', 'Arnhem Centraal', 'Ede-Wageningen', 'Utrecht Centraal', 's-Hertogenbosch', 'Eindhoven', 'Weert', 'Roermond', 'Sittard', 'Maastricht'] -> ['Amsterdam Amstel', 'Amsterdam Centraal', 'Amsterdam Sloterdijk', 'Amsterdam Zuid', 'Schiphol Airport', 'Leiden Centraal', 'Den Haag Laan v NOI', 'Delft', 'Schiedam Centrum', 'Rotterdam Centraal', 'Dordrecht', 'Breda', 'Tilburg', 'Eindhoven', 'Weert'] -> ['Delft', 'Schiedam Centrum', 'Rotterdam Blaak', 'Rotterdam Alexander', 'Gouda', 'Alphen a/d Rijn', 'Leiden Centraal', 'Schiphol Airport', 'Amsterdam Zuid', 'Amsterdam Amstel', 'Hilversum', 'Utrecht Centraal', 'Amersfoort'] -> ['Eindhoven', 'Tilburg', 'Breda', 'Dordrecht', 'Rotterdam Centraal', 'Rotterdam Alexander', 'Gouda', 'Utrecht Centraal', 'Amersfoort', 'Zwolle'] -> ['Castricum', 'Zaandam', 'Amsterdam Sloterdijk', 'Amsterdam Zuid', 'Amsterdam Amstel', 'Utrecht Centraal', 's-Hertogenbosch', 'Eindhoven', 'Weert', 'Roermond'] -> ['Amsterdam Amstel', 'Amsterdam Centraal', 'Utrecht Centraal', 'Alphen a/d Rijn', 'Gouda', 'Rotterdam Alexander', 'Rotterdam Blaak', 'Schiedam Centrum']"
3350.258426966292,"['Zaandam', 'Amsterdam Sloterdijk', 'Amsterdam Centraal', 'Utrecht Centraal', 'Amersfoort', 'Zwolle', 'Steenwijk', 'Heerenveen', 'Leeuwarden', 'Groningen'] -> ['Lelystad Centrum', 'Almere Centrum', 'Amsterdam Centraal', 'Amsterdam Sloterdijk', 'Amsterdam Zuid', 'Schiphol Airport', 'Leiden Centraal', 'Alphen a/d Rijn', 'Gouda', 'Utrecht Centraal', 'Ede-Wageningen', 'Arnhem Centraal', 'Nijmegen'] -> ['Amersfoort', 'Utrecht Centraal', 'Gouda', 'Alphen a/d Rijn', 'Leiden Centraal', 'Den Haag HS', 'Delft', 'Schiedam Centrum', 'Rotterdam Blaak', 'Dordrecht', 'Breda', 'Tilburg', 'Eindhoven', 'Helmond'] -> ['Eindhoven', 's-Hertogenbosch', 'Utrecht Centraal', 'Gouda', 'Den Haag HS', 'Leiden Centraal', 'Den Haag Laan v NOI', 'Delft', 'Schiedam Centrum', 'Rotterdam Centraal', 'Dordrecht', 'Breda', 'Tilburg'] -> ['Apeldoorn', 'Amersfoort', 'Zwolle', 'Deventer', 'Zutphen', 'Dieren', 'Arnhem Centraal'] -> ['Delft', 'Den Haag Centraal', 'Leiden Centraal', 'Alphen a/d Rijn', 'Utrecht Centraal', 'Amersfoort', 'Zwolle', 'Steenwijk'] -> ['Deventer', 'Zutphen', 'Dieren', 'Arnhem Centraal', 'Ede-Wageningen', 'Utrecht Centraal', 'Schiphol Airport', 'Amsterdam Zuid', 'Amsterdam Amstel', 'Amsterdam Centraal', 'Amsterdam Sloterdijk', 'Haarlem'] -> ['Vlissingen', 'Roosendaal', 'Dordrecht', 'Rotterdam Blaak', 'Schiedam Centrum', 'Delft', 'Den Haag HS', 'Gouda', 'Alphen a/d Rijn']"
3749.696629213483,"['Deventer', 'Zutphen', 'Apeldoorn', 'Amersfoort', 'Utrecht Centraal', 's-Hertogenbosch', 'Tilburg', 'Eindhoven'] -> ['Vlissingen', 'Roosendaal', 'Dordrecht', 'Rotterdam Blaak', 'Schiedam Centrum', 'Delft', 'Den Haag HS', 'Gouda', 'Den Haag Laan v NOI'] -> ['Lelystad Centrum', 'Almere Centrum', 'Hilversum', 'Utrecht Centraal', 'Gouda', 'Den Haag Laan v NOI', 'Delft', 'Den Haag HS', 'Leiden Centraal', 'Den Haag Centraal'] -> ['Utrecht Centraal', 'Ede-Wageningen', 'Arnhem Centraal', 'Dieren', 'Zutphen', 'Apeldoorn', 'Deventer', 'Zwolle', 'Assen'] -> ['Amsterdam Sloterdijk', 'Amsterdam Centraal', 'Almere Centrum', 'Hilversum', 'Utrecht Centraal', 'Alphen a/d Rijn', 'Gouda', 'Den Haag HS', 'Delft'] -> ['Sittard', 'Roermond', 'Weert', 'Eindhoven', 'Tilburg', 'Breda', 'Dordrecht', 'Rotterdam Centraal', 'Rotterdam Alexander', 'Gouda', 'Utrecht Centraal', 's-Hertogenbosch'] -> ['Breda', 'Etten-Leur', 'Roosendaal', 'Dordrecht', 'Rotterdam Centraal', 'Rotterdam Alexander', 'Gouda', 'Den Haag Laan v NOI', 'Leiden Centraal', 'Schiphol Airport', 'Amsterdam Zuid', 'Amsterdam Amstel', 'Amsterdam Centraal', 'Amsterdam Sloterdijk', 'Zaandam', 'Castricum'] -> ['Breda', 'Etten-Leur', 'Roosendaal', 'Dordrecht', 'Rotterdam Centraal', 'Rotterdam Alexander', 'Gouda', 'Utrecht Centraal', 'Amsterdam Amstel', 'Amsterdam Zuid', 'Schiphol Airport', 'Leiden Centraal', 'Den Haag Laan v NOI', 'Delft', 'Schiedam Centrum'] -> ['Enschede', 'Hengelo', 'Almelo']"
4518.651685393258,"['Amsterdam Centraal', 'Amsterdam Amstel', 'Utrecht Centraal', 'Ede-Wageningen', 'Arnhem Centraal', 'Nijmegen', 'Oss', 's-Hertogenbosch', 'Eindhoven', 'Weert', 'Roermond', 'Sittard'] -> ['Castricum', 'Zaandam', 'Amsterdam Sloterdijk', 'Haarlem', 'Heemstede-Aerdenhout', 'Leiden Centraal', 'Den Haag HS', 'Delft', 'Den Haag Centraal', 'Gouda', 'Utrecht Centraal', 'Amsterdam Amstel', 'Almere Centrum', 'Lelystad Centrum'] -> ['Steenwijk', 'Zwolle', 'Deventer', 'Zutphen', 'Dieren', 'Arnhem Centraal', 'Ede-Wageningen', 'Utrecht Centraal', 'Amsterdam Amstel', 'Hilversum'] -> ['Breda', 'Etten-Leur', 'Roosendaal', 'Dordrecht', 'Rotterdam Blaak', 'Schiedam Centrum', 'Delft', 'Den Haag Laan v NOI', 'Leiden Centraal', 'Heemstede-Aerdenhout', 'Haarlem', 'Beverwijk', 'Castricum', 'Zaandam'] -> ['Steenwijk', 'Zwolle', 'Deventer', 'Apeldoorn', 'Amersfoort', 'Utrecht Centraal', 'Amsterdam Amstel', 'Amsterdam Zuid', 'Amsterdam Sloterdijk', 'Zaandam', 'Castricum', 'Alkmaar'] -> ['Breda', 'Tilburg', 's-Hertogenbosch', 'Utrecht Centraal', 'Gouda', 'Rotterdam Alexander', 'Rotterdam Blaak', 'Dordrecht', 'Roosendaal', 'Etten-Leur'] -> ['Eindhoven', 'Tilburg', 'Breda', 'Etten-Leur', 'Roosendaal', 'Dordrecht', 'Rotterdam Blaak', 'Schiedam Centrum', 'Delft', 'Den Haag HS', 'Leiden Centraal', 'Heemstede-Aerdenhout', 'Haarlem', 'Amsterdam Sloterdijk'] -> ['Haarlem', 'Heemstede-Aerdenhout', 'Leiden Centraal', 'Den Haag Centraal', 'Gouda', 'Utrecht Centraal', 'Ede-Wageningen', 'Arnhem Centraal', 'Dieren', 'Zutphen', 'Apeldoorn', 'Deventer', 'Almelo'] -> ['Heerenveen', 'Steenwijk', 'Zwolle', 'Amersfoort', 'Utrecht Centraal', 'Amsterdam Amstel', 'Amsterdam Centraal'] -> ['Amsterdam Amstel', 'Amsterdam Zuid', 'Schiphol Airport', 'Leiden Centraal', 'Alphen a/d Rijn', 'Gouda', 'Utrecht Centraal', 'Amersfoort', 'Zwolle', 'Assen']"
3767.4943820224717,"['Maastricht', 'Sittard', 'Roermond', 'Weert', 'Eindhoven', 'Tilburg', 's-Hertogenbosch', 'Utrecht Centraal', 'Amersfoort'] -> ['Oss', 'Nijmegen', 'Arnhem Centraal', 'Ede-Wageningen', 'Utrecht Centraal', 's-Hertogenbosch', 'Eindhoven', 'Weert', 'Roermond', 'Sittard', 'Heerlen'] -> ['Hengelo', 'Almelo', 'Deventer', 'Apeldoorn', 'Amersfoort', 'Utrecht Centraal', 's-Hertogenbosch', 'Eindhoven', 'Weert', 'Roermond', 'Sittard'] -> ['Amersfoort', 'Utrecht Centraal', 'Gouda', 'Rotterdam Alexander', 'Rotterdam Centraal', 'Dordrecht', 'Roosendaal', 'Etten-Leur', 'Breda', 'Tilburg', 'Eindhoven', 'Helmond', 'Venlo'] -> ['Breda', 'Tilburg', 's-Hertogenbosch', 'Utrecht Centraal', 'Amsterdam Amstel', 'Amsterdam Centraal', 'Amsterdam Sloterdijk', 'Haarlem', 'Heemstede-Aerdenhout', 'Leiden Centraal', 'Den Haag Laan v NOI', 'Delft', 'Schiedam Centrum', 'Rotterdam Centraal'] -> ['Deventer', 'Apeldoorn', 'Amersfoort', 'Utrecht Centraal', 'Gouda', 'Den Haag Centraal', 'Delft', 'Schiedam Centrum', 'Rotterdam Blaak', 'Rotterdam Alexander', 'Rotterdam Centraal', 'Dordrecht', 'Breda', 'Tilburg'] -> ['Amsterdam Amstel', 'Utrecht Centraal', 'Gouda', 'Den Haag Laan v NOI', 'Delft', 'Den Haag Centraal', 'Leiden Centraal', 'Heemstede-Aerdenhout', 'Haarlem', 'Beverwijk'] -> ['Delft', 'Den Haag HS', 'Leiden Centraal', 'Heemstede-Aerdenhout', 'Haarlem', 'Amsterdam Sloterdijk', 'Amsterdam Centraal', 'Utrecht Centraal', 'Amersfoort', 'Zwolle', 'Steenwijk', 'Heerenveen'] -> ['Amsterdam Zuid', 'Amsterdam Sloterdijk', 'Amsterdam Centraal', 'Almere Centrum', 'Hilversum', 'Amsterdam Amstel', 'Utrecht Centraal', 'Ede-Wageningen', 'Arnhem Centraal', 'Dieren'] -> ['Leeuwarden', 'Heerenveen', 'Steenwijk', 'Zwolle', 'Amersfoort', 'Utrecht Centraal', 'Gouda', 'Den Haag Centraal', 'Delft', 'Schiedam Centrum', 'Rotterdam Blaak', 'Rotterdam Alexander']"
3732.573033707865,"['Nijmegen', 'Oss', 's-Hertogenbosch', 'Eindhoven', 'Weert', 'Roermond', 'Sittard', 'Heerlen'] -> ['Den Haag Centraal', 'Gouda', 'Alphen a/d Rijn', 'Leiden Centraal', 'Den Haag HS', 'Delft', 'Schiedam Centrum', 'Rotterdam Blaak', 'Dordrecht', 'Breda', 'Tilburg', 's-Hertogenbosch'] -> ['Roosendaal', 'Etten-Leur', 'Breda', 'Dordrecht', 'Rotterdam Blaak', 'Rotterdam Alexander', 'Gouda', 'Alphen a/d Rijn', 'Leiden Centraal', 'Schiphol Airport', 'Amsterdam Zuid', 'Amsterdam Sloterdijk', 'Amsterdam Centraal', 'Amsterdam Amstel', 'Utrecht Centraal'] -> ['Ede-Wageningen', 'Arnhem Centraal', 'Dieren', 'Zutphen', 'Deventer', 'Zwolle', 'Almelo'] -> ['Arnhem Centraal', 'Dieren', 'Zutphen', 'Apeldoorn', 'Deventer', 'Zwolle', 'Amersfoort', 'Utrecht Centraal', 'Hilversum', 'Almere Centrum'] -> ['Hoorn', 'Zaandam', 'Amsterdam Sloterdijk', 'Amsterdam Centraal', 'Amsterdam Amstel', 'Utrecht Centraal', 'Amersfoort', 'Zwolle', 'Steenwijk'] -> ['Ede-Wageningen', 'Arnhem Centraal', 'Dieren', 'Zutphen', 'Apeldoorn', 'Amersfoort', 'Utrecht Centraal', 'Amsterdam Amstel', 'Almere Centrum', 'Amsterdam Centraal', 'Amsterdam Sloterdijk', 'Zaandam'] -> ['Lelystad Centrum', 'Almere Centrum', 'Amsterdam Centraal', 'Amsterdam Amstel', 'Amsterdam Zuid', 'Schiphol Airport', 'Leiden Centraal', 'Den Haag HS', 'Delft', 'Den Haag Centraal', 'Gouda', 'Utrecht Centraal', 'Amersfoort'] -> ['Zwolle', 'Deventer', 'Zutphen', 'Dieren', 'Arnhem Centraal', 'Ede-Wageningen', 'Utrecht Centraal', 'Gouda', 'Alphen a/d Rijn', 'Leiden Centraal', 'Den Haag Centraal', 'Delft', 'Den Haag Laan v NOI'] -> ['Leiden Centraal', 'Den Haag Centraal', 'Gouda', 'Rotterdam Alexander', 'Rotterdam Centraal', 'Schiedam Centrum', 'Rotterdam Blaak', 'Dordrecht', 'Breda', 'Etten-Leur', 'Roosendaal', 'Vlissingen'] -> ['Weert', 'Eindhoven', 'Tilburg', 'Breda', 'Dordrecht', 'Rotterdam Blaak', 'Schiedam Centrum', 'Rotterdam Centraal', 'Rotterdam Alexander', 'Gouda', 'Den Haag HS', 'Leiden Centraal', 'Heemstede-Aerdenhout'] -> ['Schiphol Airport', 'Leiden Centraal', 'Alphen a/d Rijn', 'Utrecht Centraal', 'Amsterdam Amstel', 'Amsterdam Zuid', 'Amsterdam Sloterdijk', 'Zaandam', 'Hoorn']"
3361.573033707865,"['Amersfoort', 'Utrecht Centraal', 'Gouda', 'Rotterdam Alexander', 'Rotterdam Blaak', 'Schiedam Centrum', 'Rotterdam Centraal', 'Dordrecht', 'Breda', 'Tilburg', 's-Hertogenbosch', 'Oss', 'Nijmegen', 'Arnhem Centraal'] -> ['Steenwijk', 'Zwolle', 'Amersfoort', 'Utrecht Centraal', 'Schiphol Airport', 'Leiden Centraal', 'Den Haag Laan v NOI', 'Delft', 'Schiedam Centrum', 'Rotterdam Centraal', 'Rotterdam Alexander', 'Rotterdam Blaak'] -> ['Heemstede-Aerdenhout', 'Leiden Centraal', 'Schiphol Airport', 'Amsterdam Zuid', 'Amsterdam Amstel', 'Utrecht Centraal', 'Amersfoort', 'Apeldoorn', 'Deventer', 'Zwolle'] -> ['Amsterdam Amstel', 'Amsterdam Centraal', 'Amsterdam Sloterdijk', 'Zaandam', 'Castricum', 'Beverwijk', 'Haarlem', 'Heemstede-Aerdenhout', 'Leiden Centraal', 'Den Haag HS', 'Gouda', 'Alphen a/d Rijn', 'Utrecht Centraal', 'Hilversum'] -> ['Zwolle', 'Deventer', 'Apeldoorn', 'Amersfoort', 'Utrecht Centraal', 'Hilversum', 'Amsterdam Amstel', 'Amsterdam Zuid', 'Amsterdam Sloterdijk', 'Haarlem', 'Heemstede-Aerdenhout', 'Leiden Centraal', 'Den Haag Laan v NOI'] -> ['Weert', 'Eindhoven', 'Tilburg', 'Breda', 'Dordrecht', 'Rotterdam Centraal', 'Schiedam Centrum', 'Delft', 'Den Haag HS', 'Leiden Centraal', 'Den Haag Centraal', 'Gouda', 'Utrecht Centraal', 'Amersfoort'] -> ['Heerlen', 'Sittard', 'Roermond', 'Weert', 'Eindhoven', 'Tilburg', 's-Hertogenbosch', 'Utrecht Centraal', 'Gouda', 'Rotterdam Alexander', 'Rotterdam Blaak', 'Schiedam Centrum', 'Rotterdam Centraal'] -> ['Leeuwarden', 'Heerenveen', 'Steenwijk', 'Zwolle', 'Amersfoort', 'Utrecht Centraal', 'Gouda', 'Rotterdam Alexander'] -> ['Alphen a/d Rijn', 'Gouda', 'Den Haag Laan v NOI', 'Delft', 'Den Haag Centraal', 'Leiden Centraal', 'Schiphol Airport', 'Amsterdam Zuid', 'Amsterdam Amstel', 'Utrecht Centraal', 'Amersfoort', 'Apeldoorn'] -> ['Dordrecht', 'Breda', 'Tilburg', 's-Hertogenbosch', 'Utrecht Centraal', 'Alphen a/d Rijn', 'Leiden Centraal', 'Schiphol Airport', 'Amsterdam Zuid', 'Amsterdam Sloterdijk', 'Zaandam'] -> ['Leiden Centraal', 'Alphen a/d Rijn', 'Utrecht Centraal', 'Ede-Wageningen', 'Arnhem Centraal', 'Dieren', 'Zutphen', 'Apeldoorn', 'Deventer', 'Zwolle', 'Steenwijk'] -> ['Roermond', 'Weert', 'Eindhoven', 'Tilburg', 's-Hertogenbosch', 'Utrecht Centraal', 'Amersfoort', 'Apeldoorn', 'Zutphen'] -> ['Apeldoorn', 'Zutphen', 'Dieren', 'Arnhem Centraal', 'Ede-Wageningen', 'Utrecht Centraal', 'Gouda', 'Den Haag Laan v NOI', 'Delft', 'Schiedam Centrum', 'Rotterdam Centraal', 'Dordrecht', 'Breda']"
3823.3707865168544,"['Leiden Centraal', 'Schiphol Airport', 'Amsterdam Zuid', 'Amsterdam Amstel', 'Hilversum', 'Utrecht Centraal', 'Gouda', 'Den Haag Laan v NOI', 'Delft', 'Schiedam Centrum', 'Rotterdam Blaak', 'Rotterdam Alexander'] -> ['Lelystad Centrum', 'Almere Centrum', 'Amsterdam Centraal', 'Amsterdam Sloterdijk', 'Amsterdam Zuid', 'Schiphol Airport', 'Leiden Centraal', 'Den Haag Laan v NOI', 'Delft', 'Den Haag Centraal', 'Gouda', 'Utrecht Centraal', 's-Hertogenbosch'] -> ['Arnhem Centraal', 'Ede-Wageningen', 'Utrecht Centraal', 'Hilversum', 'Amsterdam Amstel', 'Almere Centrum', 'Amsterdam Centraal', 'Amsterdam Sloterdijk', 'Zaandam', 'Castricum', 'Alkmaar'] -> ['Zutphen', 'Apeldoorn', 'Amersfoort', 'Utrecht Centraal', 'Amsterdam Centraal', 'Amsterdam Sloterdijk', 'Zaandam', 'Castricum', 'Alkmaar', 'Den Helder'] -> ['Rotterdam Blaak', 'Dordrecht', 'Rotterdam Centraal', 'Schiedam Centrum', 'Delft', 'Den Haag Centraal', 'Leiden Centraal', 'Den Haag Laan v NOI', 'Gouda', 'Den Haag HS'] -> ['Amsterdam Centraal'] -> ['Etten-Leur', 'Breda', 'Dordrecht', 'Rotterdam Centraal', 'Schiedam Centrum', 'Delft', 'Den Haag Laan v NOI', 'Gouda', 'Alphen a/d Rijn', 'Leiden Centraal', 'Schiphol Airport', 'Utrecht Centraal'] -> ['Amsterdam Centraal', 'Amsterdam Amstel', 'Utrecht Centraal', 's-Hertogenbosch', 'Eindhoven', 'Tilburg', 'Breda', 'Dordrecht', 'Rotterdam Blaak', 'Rotterdam Alexander', 'Gouda', 'Den Haag HS'] -> ['Tilburg', 's-Hertogenbosch', 'Utrecht Centraal', 'Amsterdam Amstel', 'Almere Centrum', 'Amsterdam Centraal', 'Amsterdam Sloterdijk', 'Amsterdam Zuid', 'Schiphol Airport', 'Leiden Centraal', 'Heemstede-Aerdenhout', 'Haarlem'] -> ['s-Hertogenbosch', 'Tilburg', 'Breda', 'Dordrecht', 'Rotterdam Centraal', 'Rotterdam Alexander', 'Rotterdam Blaak', 'Schiedam Centrum', 'Delft', 'Den Haag HS', 'Gouda', 'Den Haag Centraal', 'Leiden Centraal'] -> ['Leeuwarden', 'Heerenveen', 'Steenwijk', 'Zwolle', 'Deventer', 'Zutphen', 'Dieren', 'Arnhem Centraal', 'Nijmegen'] -> ['Ede-Wageningen', 'Utrecht Centraal', 'Alphen a/d Rijn', 'Leiden Centraal', 'Den Haag Centraal', 'Delft', 'Schiedam Centrum', 'Rotterdam Centraal', 'Dordrecht', 'Breda', 'Tilburg', 's-Hertogenbosch', 'Oss'] -> ['Tilburg', 'Breda', 'Dordrecht', 'Rotterdam Centraal', 'Rotterdam Alexander', 'Gouda', 'Den Haag Centraal', 'Leiden Centraal', 'Alphen a/d Rijn', 'Utrecht Centraal', 'Ede-Wageningen'] -> ['Hengelo', 'Almelo', 'Deventer', 'Apeldoorn', 'Amersfoort', 'Utrecht Centraal', 'Amsterdam Centraal', 'Amsterdam Sloterdijk', 'Zaandam', 'Castricum', 'Alkmaar', 'Den Helder']"
3630.089887640449,"['Groningen', 'Assen', 'Zwolle', 'Amersfoort', 'Utrecht Centraal', 'Alphen a/d Rijn', 'Gouda', 'Rotterdam Alexander', 'Rotterdam Centraal', 'Schiedam Centrum'] -> ['Nijmegen', 'Arnhem Centraal', 'Ede-Wageningen', 'Utrecht Centraal', 'Amsterdam Amstel', 'Amsterdam Centraal', 'Amsterdam Sloterdijk', 'Zaandam', 'Castricum', 'Beverwijk', 'Haarlem', 'Heemstede-Aerdenhout', 'Leiden Centraal', 'Den Haag HS', 'Delft', 'Schiedam Centrum'] -> ['Hengelo', 'Almelo', 'Deventer', 'Zutphen', 'Dieren', 'Arnhem Centraal', 'Ede-Wageningen', 'Utrecht Centraal', 'Amsterdam Amstel', 'Amsterdam Zuid', 'Schiphol Airport'] -> ['Weert', 'Eindhoven', 's-Hertogenbosch', 'Utrecht Centraal', 'Gouda', 'Den Haag Centraal', 'Delft', 'Schiedam Centrum', 'Rotterdam Blaak', 'Rotterdam Alexander'] -> ['Haarlem', 'Heemstede-Aerdenhout', 'Leiden Centraal', 'Den Haag HS', 'Delft', 'Schiedam Centrum', 'Rotterdam Blaak', 'Rotterdam Alexander', 'Gouda', 'Utrecht Centraal', 'Amsterdam Centraal', 'Amsterdam Amstel', 'Amsterdam Zuid'] -> ['s-Hertogenbosch', 'Tilburg', 'Breda', 'Dordrecht', 'Rotterdam Centraal', 'Schiedam Centrum', 'Rotterdam Blaak', 'Rotterdam Alexander', 'Gouda', 'Utrecht Centraal', 'Ede-Wageningen', 'Arnhem Centraal', 'Nijmegen', 'Oss'] -> ['Leeuwarden', 'Groningen', 'Assen', 'Zwolle', 'Almelo', 'Hengelo', 'Enschede'] -> ['Den Haag HS', 'Leiden Centraal', 'Den Haag Centraal', 'Delft', 'Den Haag Laan v NOI', 'Gouda', 'Alphen a/d Rijn', 'Utrecht Centraal', 'Amersfoort', 'Zwolle'] -> ['Schiphol Airport', 'Amsterdam Zuid', 'Amsterdam Sloterdijk', 'Amsterdam Centraal', 'Almere Centrum', 'Amsterdam Amstel', 'Hilversum', 'Utrecht Centraal'] -> ['Amsterdam Sloterdijk', 'Haarlem', 'Heemstede-Aerdenhout', 'Leiden Centraal', 'Den Haag Centraal', 'Delft', 'Schiedam Centrum', 'Rotterdam Blaak', 'Rotterdam Alexander', 'Gouda', 'Alphen a/d Rijn', 'Utrecht Centraal', 'Amsterdam Amstel', 'Amsterdam Centraal'] -> ['Rotterdam Alexander', 'Rotterdam Blaak', 'Schiedam Centrum', 'Delft', 'Den Haag HS', 'Leiden Centraal', 'Heemstede-Aerdenhout', 'Haarlem', 'Amsterdam Sloterdijk', 'Amsterdam Zuid', 'Amsterdam Amstel', 'Utrecht Centraal', 'Ede-Wageningen', 'Arnhem Centraal', 'Dieren', 'Zutphen'] -> ['Hoorn', 'Alkmaar', 'Castricum', 'Beverwijk', 'Haarlem', 'Heemstede-Aerdenhout', 'Leiden Centraal', 'Alphen a/d Rijn', 'Utrecht Centraal', 'Amersfoort', 'Apeldoorn', 'Deventer'] -> ['Nijmegen', 'Arnhem Centraal', 'Ede-Wageningen', 'Utrecht Centraal', 'Amsterdam Centraal', 'Amsterdam Sloterdijk', 'Amsterdam Zuid', 'Schiphol Airport', 'Leiden Centraal', 'Den Haag HS', 'Gouda', 'Rotterdam Alexander', 'Rotterdam Centraal', 'Schiedam Centrum', 'Delft'] -> ['Beverwijk', 'Haarlem', 'Amsterdam Sloterdijk', 'Amsterdam Zuid', 'Schiphol Airport', 'Leiden Centraal', 'Alphen a/d Rijn', 'Gouda', 'Utrecht Centraal', 'Amsterdam Amstel', 'Almere Centrum', 'Lelystad Centrum'] -> ['Dieren', 'Arnhem Centraal', 'Ede-Wageningen', 'Utrecht Centraal', 'Alphen a/d Rijn', 'Gouda', 'Den Haag Centraal', 'Leiden Centraal', 'Heemstede-Aerdenhout', 'Haarlem', 'Amsterdam Sloterdijk', 'Amsterdam Centraal']"
3888.089887640449,"['Hilversum', 'Amsterdam Amstel', 'Utrecht Centraal', 'Amersfoort', 'Zwolle', 'Deventer', 'Almelo', 'Hengelo', 'Enschede'] -> ['Oss', 'Nijmegen', 'Arnhem Centraal', 'Ede-Wageningen', 'Utrecht Centraal', 'Amsterdam Amstel', 'Amsterdam Zuid', 'Amsterdam Sloterdijk', 'Zaandam', 'Hoorn'] -> ['Ede-Wageningen', 'Utrecht Centraal', 'Gouda', 'Rotterdam Alexander', 'Rotterdam Centraal', 'Schiedam Centrum', 'Delft', 'Den Haag HS', 'Leiden Centraal', 'Schiphol Airport', 'Amsterdam Zuid', 'Amsterdam Amstel'] -> ['Sittard', 'Roermond', 'Weert', 'Eindhoven', 's-Hertogenbosch', 'Utrecht Centraal', 'Gouda', 'Den Haag Centraal', 'Leiden Centraal', 'Den Haag HS', 'Delft', 'Den Haag Laan v NOI'] -> ['Rotterdam Blaak', 'Dordrecht', 'Rotterdam Centraal', 'Rotterdam Alexander', 'Gouda', 'Utrecht Centraal', 's-Hertogenbosch', 'Eindhoven', 'Weert', 'Roermond', 'Sittard', 'Heerlen'] -> ['Oss', 's-Hertogenbosch', 'Eindhoven', 'Weert'] -> ['Haarlem', 'Amsterdam Sloterdijk', 'Amsterdam Zuid', 'Schiphol Airport', 'Leiden Centraal', 'Alphen a/d Rijn', 'Utrecht Centraal', 'Amersfoort', 'Apeldoorn', 'Deventer', 'Almelo', 'Hengelo'] -> ['Etten-Leur', 'Breda', 'Dordrecht', 'Rotterdam Blaak', 'Schiedam Centrum', 'Delft', 'Den Haag HS', 'Gouda', 'Utrecht Centraal', 'Hilversum', 'Almere Centrum', 'Amsterdam Centraal', 'Amsterdam Sloterdijk', 'Zaandam'] -> ['Nijmegen', 'Oss', 's-Hertogenbosch', 'Utrecht Centraal', 'Amersfoort', 'Apeldoorn', 'Deventer', 'Zutphen', 'Dieren', 'Arnhem Centraal'] -> ['Heemstede-Aerdenhout', 'Haarlem', 'Amsterdam Sloterdijk', 'Amsterdam Centraal', 'Almere Centrum', 'Amsterdam Amstel', 'Utrecht Centraal', 'Alphen a/d Rijn', 'Gouda'] -> ['Almelo', 'Hengelo'] -> ['Weert', 'Eindhoven', 'Tilburg', 's-Hertogenbosch', 'Utrecht Centraal', 'Hilversum', 'Amsterdam Amstel', 'Amsterdam Centraal', 'Amsterdam Sloterdijk', 'Haarlem', 'Beverwijk', 'Castricum'] -> ['Heerenveen', 'Steenwijk', 'Zwolle', 'Deventer', 'Zutphen', 'Apeldoorn', 'Amersfoort', 'Utrecht Centraal', 'Amsterdam Amstel', 'Amsterdam Zuid'] -> ['Beverwijk', 'Haarlem', 'Heemstede-Aerdenhout', 'Leiden Centraal', 'Den Haag Centraal', 'Gouda', 'Alphen a/d Rijn', 'Utrecht Centraal', 'Hilversum', 'Almere Centrum', 'Amsterdam Centraal', 'Amsterdam Sloterdijk'] -> ['Eindhoven', 'Tilburg', 'Breda', 'Dordrecht', 'Rotterdam Centraal', 'Rotterdam Alexander', 'Gouda', 'Utrecht Centraal', 'Alphen a/d Rijn', 'Leiden Centraal', 'Den Haag Centraal']"
4187.3258426966295,"['Utrecht Centraal', 'Gouda', 'Rotterdam Alexander', 'Rotterdam Centraal', 'Dordrecht', 'Breda', 'Tilburg', 's-Hertogenbosch', 'Eindhoven', 'Weert', 'Roermond', 'Sittard', 'Heerlen'] -> ['Schiedam Centrum', 'Delft', 'Den Haag HS', 'Gouda', 'Den Haag Centraal', 'Leiden Centraal', 'Schiphol Airport', 'Amsterdam Zuid', 'Amsterdam Amstel', 'Utrecht Centraal', 's-Hertogenbosch', 'Eindhoven'] -> ['Dieren', 'Arnhem Centraal', 'Ede-Wageningen', 'Utrecht Centraal', 'Gouda', 'Den Haag Centraal', 'Leiden Centraal', 'Heemstede-Aerdenhout', 'Haarlem', 'Beverwijk', 'Castricum', 'Zaandam', 'Amsterdam Sloterdijk', 'Amsterdam Centraal'] -> ['Den Helder', 'Alkmaar', 'Castricum', 'Zaandam', 'Amsterdam Sloterdijk', 'Amsterdam Centraal', 'Almere Centrum', 'Hilversum', 'Utrecht Centraal', 's-Hertogenbosch', 'Eindhoven'] -> ['Arnhem Centraal', 'Nijmegen', 'Oss', 's-Hertogenbosch', 'Utrecht Centraal', 'Hilversum', 'Amsterdam Amstel', 'Amsterdam Zuid', 'Amsterdam Sloterdijk', 'Haarlem', 'Heemstede-Aerdenhout', 'Leiden Centraal', 'Schiphol Airport'] -> ['Zwolle', 'Deventer', 'Zutphen', 'Apeldoorn', 'Amersfoort'] -> ['Arnhem Centraal', 'Dieren', 'Zutphen', 'Apeldoorn', 'Deventer', 'Zwolle', 'Assen', 'Groningen'] -> ['Etten-Leur', 'Roosendaal', 'Dordrecht', 'Rotterdam Centraal', 'Schiedam Centrum', 'Delft', 'Den Haag Laan v NOI', 'Leiden Centraal', 'Schiphol Airport', 'Amsterdam Zuid', 'Amsterdam Amstel', 'Utrecht Centraal', 'Amersfoort'] -> ['Groningen', 'Leeuwarden', 'Heerenveen', 'Steenwijk', 'Zwolle', 'Amersfoort', 'Utrecht Centraal', 'Amsterdam Amstel', 'Amsterdam Zuid'] -> ['Etten-Leur', 'Breda', 'Dordrecht', 'Rotterdam Centraal', 'Schiedam Centrum', 'Delft', 'Den Haag Centraal', 'Leiden Centraal', 'Schiphol Airport', 'Amsterdam Zuid', 'Amsterdam Amstel', 'Hilversum', 'Utrecht Centraal', 'Gouda'] -> ['Zutphen', 'Apeldoorn', 'Deventer', 'Zwolle', 'Almelo', 'Hengelo'] -> ['Steenwijk', 'Zwolle', 'Amersfoort', 'Utrecht Centraal', 'Hilversum', 'Amsterdam Amstel', 'Amsterdam Centraal', 'Amsterdam Sloterdijk', 'Haarlem', 'Beverwijk', 'Castricum'] -> ['Helmond', 'Eindhoven', 's-Hertogenbosch', 'Oss', 'Nijmegen', 'Arnhem Centraal', 'Dieren', 'Zutphen', 'Deventer', 'Almelo', 'Zwolle'] -> ['Tilburg', 'Breda', 'Dordrecht', 'Rotterdam Blaak', 'Schiedam Centrum', 'Delft', 'Den Haag HS', 'Gouda', 'Den Haag Laan v NOI', 'Leiden Centraal'] -> ['Assen', 'Zwolle', 'Amersfoort', 'Utrecht Centraal', 'Alphen a/d Rijn', 'Leiden Centraal', 'Heemstede-Aerdenhout', 'Haarlem', 'Beverwijk', 'Castricum'] -> ['Almere Centrum', 'Amsterdam Centraal', 'Amsterdam Sloterdijk', 'Haarlem', 'Heemstede-Aerdenhout', 'Leiden Centraal', 'Den Haag HS', 'Delft', 'Schiedam Centrum', 'Rotterdam Centraal', 'Rotterdam Alexander', 'Rotterdam Blaak', 'Dordrecht', 'Breda', 'Tilburg', 'Eindhoven', 'Helmond'] -> ['Den Haag Laan v NOI', 'Leiden Centraal', 'Den Haag Centraal', 'Delft', 'Schiedam Centrum', 'Rotterdam Centraal', 'Rotterdam Alexander', 'Gouda', 'Utrecht Centraal', 'Amersfoort', 'Apeldoorn', 'Deventer', 'Almelo', 'Hengelo']"
3307.8089887640454,"['Den Haag Centraal', 'Delft', 'Den Haag HS', 'Leiden Centraal', 'Schiphol Airport', 'Amsterdam Zuid', 'Amsterdam Amstel', 'Hilversum', 'Almere Centrum', 'Amsterdam Centraal', 'Amsterdam Sloterdijk', 'Haarlem', 'Heemstede-Aerdenhout'] -> ['Hengelo', 'Almelo', 'Deventer', 'Apeldoorn', 'Amersfoort', 'Utrecht Centraal', 'Hilversum', 'Almere Centrum', 'Amsterdam Amstel', 'Amsterdam Centraal'] -> ['Venlo', 'Helmond', 'Eindhoven', 's-Hertogenbosch', 'Utrecht Centraal', 'Gouda', 'Den Haag HS', 'Leiden Centraal', 'Schiphol Airport', 'Amsterdam Zuid', 'Amsterdam Sloterdijk'] -> ['Apeldoorn', 'Deventer', 'Zwolle', 'Amersfoort', 'Utrecht Centraal', 'Gouda', 'Alphen a/d Rijn', 'Leiden Centraal', 'Den Haag HS', 'Delft', 'Den Haag Laan v NOI'] -> ['Roosendaal', 'Etten-Leur', 'Breda', 'Dordrecht', 'Rotterdam Blaak', 'Schiedam Centrum', 'Rotterdam Centraal', 'Rotterdam Alexander', 'Gouda', 'Alphen a/d Rijn', 'Leiden Centraal', 'Schiphol Airport', 'Amsterdam Zuid', 'Amsterdam Sloterdijk', 'Amsterdam Centraal'] -> ['Zaandam', 'Amsterdam Sloterdijk', 'Amsterdam Centraal', 'Utrecht Centraal', 'Gouda', 'Den Haag HS', 'Leiden Centraal', 'Den Haag Centraal', 'Delft', 'Schiedam Centrum', 'Rotterdam Centraal', 'Dordrecht', 'Rotterdam Blaak', 'Rotterdam Alexander'] -> ['Alphen a/d Rijn', 'Utrecht Centraal', 'Gouda', 'Den Haag Laan v NOI', 'Delft', 'Den Haag HS', 'Leiden Centraal', 'Heemstede-Aerdenhout', 'Haarlem', 'Beverwijk', 'Castricum', 'Alkmaar'] -> ['Amsterdam Centraal', 'Utrecht Centraal', 'Alphen a/d Rijn', 'Leiden Centraal', 'Den Haag HS', 'Delft', 'Den Haag Laan v NOI', 'Gouda', 'Rotterdam Alexander', 'Rotterdam Centraal'] -> ['Groningen', 'Assen', 'Zwolle', 'Amersfoort', 'Utrecht Centraal', 's-Hertogenbosch', 'Eindhoven', 'Helmond'] -> ['Zutphen', 'Deventer', 'Almelo'] -> ['Assen', 'Zwolle', 'Deventer'] -> ['Delft', 'Den Haag Laan v NOI', 'Leiden Centraal', 'Heemstede-Aerdenhout', 'Haarlem', 'Amsterdam Sloterdijk', 'Amsterdam Centraal', 'Amsterdam Amstel', 'Hilversum', 'Utrecht Centraal', 'Gouda', 'Den Haag Centraal'] -> ['Amsterdam Amstel', 'Amsterdam Zuid', 'Amsterdam Sloterdijk', 'Haarlem', 'Heemstede-Aerdenhout', 'Leiden Centraal', 'Den Haag Centraal', 'Delft', 'Schiedam Centrum', 'Rotterdam Blaak', 'Rotterdam Alexander', 'Gouda', 'Utrecht Centraal', 'Alphen a/d Rijn'] -> ['Almelo', 'Deventer', 'Zutphen', 'Dieren', 'Arnhem Centraal', 'Ede-Wageningen', 'Utrecht Centraal', 'Amsterdam Amstel', 'Amsterdam Zuid'] -> ['Tilburg', 's-Hertogenbosch', 'Utrecht Centraal', 'Hilversum', 'Amsterdam Amstel', 'Amsterdam Zuid', 'Schiphol Airport', 'Leiden Centraal', 'Den Haag HS', 'Delft', 'Schiedam Centrum', 'Rotterdam Centraal', 'Rotterdam Alexander', 'Rotterdam Blaak', 'Dordrecht'] -> ['Dordrecht', 'Rotterdam Centraal', 'Schiedam Centrum', 'Delft', 'Den Haag Centraal', 'Leiden Centraal', 'Heemstede-Aerdenhout', 'Haarlem', 'Amsterdam Sloterdijk', 'Amsterdam Zuid', 'Amsterdam Amstel', 'Utrecht Centraal'] -> ['Heerlen', 'Sittard', 'Roermond', 'Weert', 'Eindhoven', 'Tilburg', 's-Hertogenbosch', 'Utrecht Centraal', 'Hilversum', 'Amsterdam Amstel', 'Amsterdam Centraal'] -> ['Vlissingen', 'Roosendaal', 'Dordrecht', 'Rotterdam Centraal', 'Rotterdam Alexander', 'Gouda', 'Utrecht Centraal', 's-Hertogenbosch', 'Oss']"
2969.4494382022467,"['Leiden Centraal', 'Den Haag HS', 'Delft', 'Schiedam Centrum', 'Rotterdam Centraal', 'Dordrecht', 'Breda', 'Tilburg', 's-Hertogenbosch', 'Eindhoven', 'Helmond'] -> ['Gouda', 'Utrecht Centraal', 'Hilversum', 'Amsterdam Amstel', 'Almere Centrum', 'Amsterdam Centraal', 'Amsterdam Sloterdijk', 'Amsterdam Zuid', 'Schiphol Airport', 'Leiden Centraal', 'Alphen a/d Rijn'] -> ['Eindhoven', 'Helmond'] -> ['Zutphen', 'Dieren', 'Arnhem Centraal', 'Ede-Wageningen', 'Utrecht Centraal', 'Gouda', 'Rotterdam Alexander', 'Rotterdam Blaak', 'Dordrecht', 'Rotterdam Centraal', 'Schiedam Centrum', 'Delft', 'Den Haag HS', 'Leiden Centraal', 'Heemstede-Aerdenhout', 'Haarlem'] -> ['Zwolle', 'Amersfoort', 'Utrecht Centraal', 'Gouda', 'Alphen a/d Rijn', 'Leiden Centraal', 'Den Haag HS', 'Delft', 'Schiedam Centrum', 'Rotterdam Centraal', 'Dordrecht', 'Breda'] -> ['Deventer', 'Zutphen', 'Dieren', 'Arnhem Centraal', 'Ede-Wageningen', 'Utrecht Centraal', 'Amsterdam Amstel', 'Almere Centrum', 'Amsterdam Centraal', 'Amsterdam Sloterdijk', 'Amsterdam Zuid', 'Schiphol Airport'] -> ['Hoorn', 'Zaandam', 'Castricum', 'Beverwijk', 'Haarlem', 'Heemstede-Aerdenhout', 'Leiden Centraal', 'Den Haag Centraal', 'Gouda', 'Utrecht Centraal', 'Amsterdam Centraal'] -> ['Schiedam Centrum', 'Rotterdam Centraal', 'Rotterdam Alexander', 'Gouda', 'Utrecht Centraal', 'Amersfoort', 'Zwolle', 'Deventer', 'Apeldoorn', 'Zutphen', 'Dieren'] -> ['Amsterdam Sloterdijk', 'Amsterdam Zuid', 'Schiphol Airport', 'Leiden Centraal', 'Den Haag HS', 'Delft', 'Schiedam Centrum', 'Rotterdam Centraal', 'Rotterdam Alexander', 'Gouda', 'Utrecht Centraal', 'Ede-Wageningen', 'Arnhem Centraal', 'Nijmegen'] -> ['Breda', 'Dordrecht', 'Rotterdam Blaak', 'Rotterdam Alexander', 'Rotterdam Centraal', 'Schiedam Centrum', 'Delft', 'Den Haag Centraal', 'Gouda', 'Den Haag Laan v NOI'] -> ['Breda', 'Dordrecht', 'Rotterdam Centraal', 'Schiedam Centrum', 'Delft', 'Den Haag HS', 'Gouda', 'Utrecht Centraal', 'Amersfoort', 'Apeldoorn', 'Deventer', 'Almelo', 'Hengelo'] -> ['Den Haag Laan v NOI', 'Leiden Centraal', 'Heemstede-Aerdenhout', 'Haarlem', 'Amsterdam Sloterdijk', 'Amsterdam Centraal', 'Utrecht Centraal', 'Gouda', 'Rotterdam Alexander', 'Rotterdam Centraal', 'Schiedam Centrum', 'Delft'] -> ['Nijmegen', 'Arnhem Centraal', 'Dieren', 'Zutphen', 'Deventer', 'Apeldoorn', 'Amersfoort', 'Zwolle', 'Steenwijk', 'Heerenveen'] -> ['Tilburg', 'Breda', 'Etten-Leur', 'Roosendaal', 'Dordrecht', 'Rotterdam Blaak', 'Rotterdam Alexander', 'Rotterdam Centraal', 'Schiedam Centrum', 'Delft', 'Den Haag HS', 'Gouda', 'Alphen a/d Rijn', 'Utrecht Centraal'] -> ['Rotterdam Centraal', 'Schiedam Centrum', 'Rotterdam Blaak', 'Dordrecht', 'Breda', 'Tilburg', 's-Hertogenbosch', 'Eindhoven', 'Weert', 'Roermond', 'Sittard'] -> ['Alphen a/d Rijn', 'Leiden Centraal', 'Schiphol Airport', 'Amsterdam Zuid', 'Amsterdam Amstel', 'Amsterdam Centraal', 'Utrecht Centraal', 'Amersfoort', 'Apeldoorn'] -> ['Almere Centrum', 'Amsterdam Centraal', 'Amsterdam Amstel', 'Hilversum', 'Utrecht Centraal', 's-Hertogenbosch', 'Eindhoven', 'Weert', 'Roermond', 'Sittard'] -> ['Beverwijk', 'Haarlem', 'Heemstede-Aerdenhout', 'Leiden Centraal', 'Alphen a/d Rijn', 'Utrecht Centraal', 's-Hertogenbosch', 'Tilburg', 'Breda', 'Dordrecht', 'Roosendaal'] -> ['Nijmegen', 'Arnhem Centraal', 'Ede-Wageningen', 'Utrecht Centraal', 'Alphen a/d Rijn', 'Gouda', 'Den Haag Laan v NOI', 'Delft', 'Schiedam Centrum', 'Rotterdam Centraal', 'Dordrecht', 'Breda']"
2943.52808988764,"['Gouda', 'Alphen a/d Rijn', 'Utrecht Centraal', 'Hilversum', 'Almere Centrum', 'Amsterdam Amstel', 'Amsterdam Centraal', 'Amsterdam Sloterdijk', 'Haarlem', 'Heemstede-Aerdenhout'] -> ['Enschede', 'Hengelo', 'Almelo', 'Deventer', 'Apeldoorn', 'Amersfoort', 'Utrecht Centraal', 'Alphen a/d Rijn', 'Gouda', 'Den Haag Laan v NOI', 'Delft'] -> ['Leiden Centraal', 'Heemstede-Aerdenhout', 'Haarlem', 'Amsterdam Sloterdijk', 'Amsterdam Centraal', 'Utrecht Centraal', 'Amersfoort', 'Zwolle', 'Assen', 'Groningen'] -> ['Rotterdam Alexander', 'Rotterdam Centraal', 'Schiedam Centrum', 'Delft', 'Den Haag HS', 'Leiden Centraal', 'Schiphol Airport', 'Amsterdam Zuid', 'Amsterdam Amstel', 'Utrecht Centraal', 's-Hertogenbosch', 'Tilburg', 'Breda', 'Etten-Leur', 'Roosendaal'] -> ['Leiden Centraal', 'Den Haag HS', 'Gouda', 'Alphen a/d Rijn', 'Utrecht Centraal', 'Amsterdam Centraal', 'Amsterdam Sloterdijk'] -> ['Alphen a/d Rijn', 'Gouda', 'Den Haag HS', 'Delft', 'Den Haag Centraal', 'Leiden Centraal', 'Heemstede-Aerdenhout', 'Haarlem', 'Amsterdam Sloterdijk', 'Amsterdam Centraal', 'Almere Centrum', 'Amsterdam Amstel', 'Amsterdam Zuid', 'Schiphol Airport'] -> ['Den Haag HS', 'Delft', 'Schiedam Centrum', 'Rotterdam Blaak', 'Dordrecht', 'Rotterdam Centraal', 'Rotterdam Alexander', 'Gouda', 'Utrecht Centraal', 'Amsterdam Amstel', 'Amsterdam Centraal', 'Amsterdam Sloterdijk', 'Amsterdam Zuid', 'Schiphol Airport', 'Leiden Centraal'] -> ['Almelo', 'Deventer', 'Zwolle', 'Steenwijk', 'Heerenveen'] -> ['Den Haag Centraal', 'Leiden Centraal', 'Den Haag HS', 'Delft', 'Schiedam Centrum', 'Rotterdam Blaak', 'Dordrecht', 'Breda', 'Tilburg', 's-Hertogenbosch', 'Eindhoven', 'Weert', 'Roermond', 'Sittard'] -> ['Schiedam Centrum', 'Delft', 'Den Haag Centraal', 'Gouda', 'Utrecht Centraal', 'Alphen a/d Rijn', 'Leiden Centraal', 'Heemstede-Aerdenhout', 'Haarlem', 'Amsterdam Sloterdijk', 'Amsterdam Zuid', 'Amsterdam Amstel', 'Amsterdam Centraal'] -> ['Hengelo', 'Almelo', 'Deventer', 'Zutphen', 'Dieren', 'Arnhem Centraal', 'Ede-Wageningen', 'Utrecht Centraal', 'Amersfoort', 'Apeldoorn'] -> ['Oss', 'Nijmegen', 'Arnhem Centraal', 'Dieren', 'Zutphen', 'Apeldoorn', 'Amersfoort', 'Utrecht Centraal', 'Ede-Wageningen'] -> ['Heerenveen', 'Steenwijk', 'Zwolle', 'Amersfoort', 'Utrecht Centraal', 'Gouda', 'Den Haag Laan v NOI', 'Leiden Centraal', 'Den Haag Centraal', 'Delft'] -> ['Steenwijk', 'Zwolle', 'Amersfoort', 'Utrecht Centraal', 'Gouda', 'Den Haag HS', 'Delft', 'Schiedam Centrum', 'Rotterdam Blaak', 'Dordrecht'] -> ['Schiedam Centrum', 'Delft', 'Den Haag Laan v NOI', 'Leiden Centraal', 'Heemstede-Aerdenhout', 'Haarlem', 'Amsterdam Sloterdijk', 'Amsterdam Centraal', 'Almere Centrum', 'Amsterdam Amstel', 'Utrecht Centraal', 'Amersfoort', 'Apeldoorn'] -> ['Groningen', 'Assen', 'Zwolle', 'Deventer', 'Apeldoorn', 'Amersfoort', 'Utrecht Centraal', 's-Hertogenbosch'] -> ['s-Hertogenbosch', 'Tilburg', 'Breda', 'Dordrecht', 'Rotterdam Blaak', 'Rotterdam Alexander', 'Rotterdam Centraal', 'Schiedam Centrum', 'Delft', 'Den Haag Centraal', 'Leiden Centraal', 'Heemstede-Aerdenhout', 'Haarlem', 'Amsterdam Sloterdijk', 'Zaandam', 'Castricum', 'Alkmaar'] -> ['Enschede', 'Hengelo', 'Almelo', 'Deventer', 'Apeldoorn', 'Zutphen', 'Dieren', 'Arnhem Centraal', 'Ede-Wageningen', 'Utrecht Centraal', 's-Hertogenbosch', 'Tilburg', 'Breda'] -> ['Hilversum', 'Utrecht Centraal', 'Gouda', 'Rotterdam Alexander', 'Rotterdam Centraal', 'Schiedam Centrum', 'Rotterdam Blaak', 'Dordrecht', 'Breda', 'Tilburg', 'Eindhoven', 'Weert', 'Roermond'] -> ['Sittard', 'Roermond', 'Weert', 'Eindhoven', 's-Hertogenbosch', 'Tilburg', 'Breda', 'Etten-Leur', 'Roosendaal']"
